{
    "name": "wakeWord",
    "roles": [
        "wakeWord"
    ],
    "lookups": [
        "keywords"
    ],
    "keywords": [
        {
            "keyword": "Hey Elli",
            "synonyms": [
                "hey elli"
            ]
        },
        {
            "keyword": "Hi Eli",
            "synonyms": [
                "hi eli"
            ]
        },
        {
            "keyword": "Oklahoma",
            "synonyms": [
                "oklahoma"
            ]
        }
    ]
}
