{
    "utterances": [
        {
            "text": "Hey Eli",
            "entities": [],
            "traits": [],
            "intent": "wakeWord"
        },
        {
            "text": "Hey Elli",
            "entities": [
                {
                    "entity": "wakeWord:wakeWord",
                    "start": 0,
                    "end": 8,
                    "body": "Hey Elli",
                    "entities": []
                }
            ],
            "traits": [],
            "intent": "wakeWord"
        },
        {
            "text": "Hi Eli",
            "entities": [
                {
                    "entity": "wakeWord:wakeWord",
                    "start": 0,
                    "end": 6,
                    "body": "Hi Eli",
                    "entities": []
                }
            ],
            "traits": [],
            "intent": "wakeWord"
        },
        {
            "text": "Oklahoma",
            "entities": [
                {
                    "entity": "wakeWord:wakeWord",
                    "start": 0,
                    "end": 8,
                    "body": "Oklahoma",
                    "entities": []
                }
            ],
            "traits": [],
            "intent": "wakeWord"
        }
    ]
}
